id,title_id,real_name,character_name,role
4989520359456768,3692563714277376,Joyce Beatty,Oleta Breitenberg,Actress
2540268779732992,3692563714277376,Leonel Leffler,Ayden Ferry,Production Designer
4881496577933312,-1,Marianne Kuhn,Gerry Luettgen,Cinematographer
3831045847777280,"",Jeremy Simonis,Otis Jaskolski,Costume Designer
6649217531510784,"",Lionel Hickle,Keyshawn O'Hara,Director
8939252907769856,0.023473557084798813,Alvena Beahan,Brooke Hamill,Costume Designer
7787795544276992,9007199254740991,Bennett Paucek,Zita Schuppe,Actor
2773590237773824,9007199254740991,Marguerite Heathcote,Keeley Fahey,Music Composer
5539570621874176,9007199254740992,Kattie Yundt-Walker,Angela Deckow,Producer
506557758439424,738930058067968,Stephon Davis,Alessandro Ankunding,Actress
2436602229948416,738930058067968,Leon Monahan,Gracie Marvin,Actor
2901117990076416,8863876026204160,Melvin Blanda,Kenneth Brekke,Costume Designer
1421413156126720,8863876026204160,Hailey Cronin,Bryana Rath-Grady,Actress
4205775454994432,78690071347200,Steve Rempel,Malcolm Blanda,Actor
7217048484577280,7817347796566016,Kaitlin Hills,Kayla Leuschke,Production Designer
3293879317037056,5891239951990784,Alize Douglas,Mara Bosco,Costume Designer
6973358316978176,5891239951990784,Brigitte Koepp,Kaia Bauch,Actress
1474148073209856,1617116249718784,Jaqueline Kutch,Dylan Schuster,Screenwriter
4587528577351680,1660847405400064,Laurie Ferry,Daren Wunsch,Music Composer
901647020589056,1660847405400064,Branson Langworth,Hilario Gutmann,Producer
6136909766066176,8706270290771968,Heber Fahey,Winifred Lebsack,Cinematographer
4341706138845184,8706270290771968,Rosalee Hand,Ellie Wiza,Director
7938484308279296,4756949782495232,Guido Keeling,Hertha Douglas,Director
1151965365010432,4756949782495232,Billie Champlin,Dorian Hirthe,Music Composer
6528971193712640,818677169520640,Kaylin Huel,Emil Swift,Producer
6908652147441664,6064106593320960,Brook Mann,Chaim Reinger-Welch,Cinematographer
6296871614021632,6064106593320960,Jillian Goodwin,Pablo Hayes,Producer
8784159130517504,6664569543983104,Maxwell Prosacco,Dorris Dietrich,Film Editor
5343156694417408,6664569543983104,Wallace Hilpert,Dayne Lang,Actor
4044290638479360,4900763943829504,Albina Satterfield,Ryley Gerlach-Schimmel,Actor
2898670993276928,2774940568780800,Ahmed Bartoletti,Odessa Armstrong,Screenwriter
4409325848100864,8200945760468992,Jordan Hoeger,Eddie Adams,Director
2374846195433472,4911599653486592,Tyrell Fisher,Gladys Nolan,Costume Designer
1304229713018880,4911599653486592,Eddie Shanahan,Quinn Douglas,Director
3094654530617344,1435200269582336,Connie Cruickshank,Daren Hamill,Producer
1219666225659904,1435200269582336,Colin Barton,Halle Wuckert,Cinematographer
7483945736208384,4402093880246272,Kadin Bartoletti,Cielo Langosh,Producer
655734318563328,7938307635806208,Delia Mann,Eve Goldner,Director
3285829734629376,2542712618221568,Jaron Vandervort,Christina Crist,Production Designer
1891565064683520,1901879913086976,Brendan Crist,Jackeline O'Hara-Schimmel,Screenwriter
8470441895133184,1901879913086976,Samir Medhurst,Sonia MacGyver,Production Designer
2940058824867840,8565465601277952,Eriberto Windler,Modesto Thompson,Film Editor
6817143370809344,8565465601277952,Felipa Moore,Jonas Lowe,Producer
8969731090415616,6539223471489024,Percy Mayer,Bo McLaughlin-Rosenbaum,Production Designer
5414306812264448,1728003790864384,Jalon Cassin,Liam Walsh-Hessel,Costume Designer
4033667691184128,5861888780926976,Kaley Kreiger,Yasmine Rodriguez,Producer
8926284983828480,326887549173760,Dayne Franey,Kariane O'Keefe-Durgan,Director
6647142766608384,913043150077952,Autumn Stiedemann,Lizeth Yundt,Actress
1415111078051840,1523560694677504,Burdette Howell,Preston Cummerata-Armstrong,Music Composer
1014986350526464,1573402823360512,Megane Legros,Maritza Effertz,Cinematographer
1696380913451008,1573402823360512,Sasha Von,Rowena Ziemann,Screenwriter
5039685554405376,3977552295100416,Ed Johns-Hilpert,Rosalia Bruen,Director
3674749834100736,3977552295100416,Narciso Kertzmann,Neil Rau,Actor
5735857780686848,5848202032971776,Deonte Leuschke,Santino Thiel,Film Editor
4836472769216512,5848202032971776,Erna Goyette,Flossie Watsica,Director
7315631965732864,3976064265093120,Deontae Labadie,Adalberto Keeling,Cinematographer
5920937704685568,3976064265093120,Madison Windler,Minnie Bosco,Music Composer
4810509853392896,7979977142173696,Karlie McKenzie,Quincy Rohan,Production Designer
5023066490929152,7979977142173696,Lauretta Douglas,Geoffrey Sanford,Actor
5103433084305408,7255470624473088,Stone Lesch,Dawson Mills,Cinematographer
1594560897613824,7255470624473088,Jaunita Wilkinson,Lauretta Corwin,Music Composer
5404072060387328,5234402216902656,Eino Adams,Jamarcus Carroll,Screenwriter
2991290138492928,8987245488898048,Mattie Mann,Horacio Cassin,Cinematographer
1290404274110464,965426116820992,Angelina Jakubowski,Justina Lindgren,Actor
2633413972459520,2023449111298048,Claudine Hagenes,Candace Hermann,Music Composer
5302083267854336,3053310449811456,Miles Dickens,Jazmyne Shields,Producer
1478460276998144,3053310449811456,Corine Goodwin,Jerod Auer,Director
8169231258484736,4227543643193344,Elta Sipes,Winona Legros,Director
2069866706108416,4227543643193344,Francesca O'Reilly,Geraldine Mills,Producer
8753006778515456,7884805674893312,Colin Hyatt,Clement Lang,Screenwriter
7545638757597184,7884805674893312,Quinton Rolfson,Vicenta Leuschke,Cinematographer
1693753892929536,3544332158107648,Amara Berge,Lester Thompson,Screenwriter
3203747006119936,3544332158107648,Alessandro Gusikowski,Velda Hagenes,Actor
6603441820401664,8780091068776448,Leta Metz,Green Johnson,Director
2438208539328512,8780091068776448,Jazlyn Prosacco,Ted Klocko,Actor
7802821682397184,5092514096742400,Jackeline Veum,Reynold Davis,Film Editor
5003779109814272,5092514096742400,Dandre Gibson,Anibal Jerde,Director
3418061459685376,2222498328346624,Brisa Koelpin,Silas Mertz,Music Composer
3751123898859520,267382230614016,Alene Koch,Carissa O'Hara,Production Designer
6062518160064512,267382230614016,Heather Morar,Floyd Herman,Actor
1643016280342528,7647080455602176,Judy Aufderhar-Crona,Frieda Batz,Producer
1160040478146560,7647080455602176,Seth Stark,Erik Toy,Director
3899701160050688,7037334654550016,Raegan Johnson,Lavon Kirlin,Music Composer
817898174021632,7037334654550016,Destinee Carter,Marielle Maggio,Actor
8207140424515584,5274272698204160,Valentin Legros-Reichert,Maggie Marks,Costume Designer
8809649266491392,2696246441541632,Nathanael Shanahan,Scot Marks,Actress
3506562570125312,8027194733363200,Elody Gusikowski,Skye Gibson,Actor
5530081426407424,6928793507725312,Rachel Ryan,Hank Collins,Costume Designer
6848931986145280,8072245716975616,Lexie Turner,Donnell McCullough,Director
5107811547611136,480263467433984,Yolanda Stiedemann,Mikayla Jerde,Producer
4997313994948608,1248891806679040,Rosanna Daugherty,Pascale Jacobi,Film Editor
756141361463296,1248891806679040,Ashly Rau,Rhoda Robel-Donnelly,Cinematographer
5222434619785216,5761077180628992,Leonora Keebler,Camren Will,Music Composer
3147141423824896,4509368334680064,Emilie Leuschke,Dagmar Greenholt,Music Composer
371361021165568,7557384115322880,Donavon Tromp,Okey Leuschke,Costume Designer
1880590982840320,7557384115322880,Haskell Abshire,Ronny Towne,Actor
592527050670080,1778448542466048,Ubaldo Jacobson,Shawn Nolan,Cinematographer
6998476850200576,4491109703090176,Vance Hills,Delia Brown,Cinematographer
703251450167296,2244576817446912,Jayda Davis,Maia Cartwright,Production Designer
3376363652251648,5613111144873984,Betty Leffler,Marcella Keeling,Film Editor
6409936401596416,5613111144873984,Carmel Rath,Paula Klocko,Screenwriter
6200843210588160,4385270193455104,Noe Schaefer,Isaias Keeling,Costume Designer
-1,7561536788758528,Katheryn Bartoletti,Wava Herzog,Film Editor
"",2966831962783744,Omari Barrows,Katherine Kuvalis,Producer
"",2966831962783744,Tierra Farrell,Mervin Gleichner,Music Composer
"",7512485575786496,Jewell Rutherford,Jerome Schroeder,Costume Designer
"",7512485575786496,Ayana Jenkins,Delpha Bergstrom,Actress
9007199254740991,1917469698555904,Kole Hirthe,Destany Stracke,Film Editor
9007199254740992,2092328101609472,Ida Kilback,Jewel Barrows,Production Designer
1222279199457280,-1,Cristobal Corwin,Izabella Conroy,Film Editor
2933766576144384,"",Demetris Gislason,Orville Johnson,Producer
6710122151673856,"",Aylin Treutel,Ernesto Gusikowski,Costume Designer
4835935160107008,0.8781421256717294,Kareem Stokes,Lenore O'Keefe,Music Composer
6461312932511744,0.8806157547514886,Kamille Koss,Casimir Kub,Screenwriter
8418533763448832,9007199254740991,Imani Glover,Loraine Mills,Producer
6558017715699712,1924375676715008,"",Bennett Volkman,Costume Designer
2090636647858176,1924375676715008,"",Barbara Torphy,Actress
922989795213312,6608015843131392,"",Raquel Reynolds-Cronin,Film Editor
1620247652073472,8654435720888320,"",Nicole Aufderhar,Director
7689027400499200,8654435720888320,"",Jessie Schinner,Production Designer
5042223359983616,7697393229234176, repudiandae,Aryanna Ward,Film Editor
3658462225498112,1356298102767616,(,Gregorio Rowe,Actress
280942054735872,1356298102767616,#,Greg Cartwright,Actress
472943138177024,7077422488879104,-reiciendis,D'angelo Huel,Music Composer
3465529486475264,7077422488879104,=impedit,Laurence Breitenberg,Screenwriter
3484879469674496,959558950322176,q,Benny Smith,Music Composer
229818572472320,959558950322176,s,Jason Hyatt,Costume Designer
2847634744147968,3922214258737152,DRGSOKeHEdgEDXIdLlFhtFLwsBCoYp,Elinor Hilpert,Actress
2799635112394752,3922214258737152,ymCEjveMtYNxqYLceWgQDdXPchKLhq,Antonio Stiedemann,Actor
7176517570265088,6070163017302016,MAdtlYSVDHzlIsalcluhyTnCGtXskTs,Neva Collier,Costume Designer
2753226350788608,8662922534322176,Cecilia Koepp,"",Actor
1021925623070720,8662922534322176,Dorian Murphy,"",Director
1272945024434176,5750274895380480,Lester Bogan,"",Film Editor
7852166710558720,8234734781988864,Charley Goodwin,"",Cinematographer
3052120733384704,3618829542359040,Brennan Ward, nulla,Music Composer
5128843398479872,4142972438315008,Bradford Shields,\,Actress
3236839909490688,3477317433163776,Tyrell Hermann,-repudiandae,Producer
5774188197445632,3477317433163776,Enos Kutch,=quo,Production Designer
4059436976963584,834347227676672,Furman Blanda,J,Director
2760095637176320,3339895363862528,Dagmar McKenzie,OUCApNHfGsVMjMaYTxWjikiwpNsfxF,Director
2267165958864896,1556725287092224,Gail Prosacco,Green Turner,""
5704585622585344,1556725287092224,Andreanne Lang,Rodolfo Kerluke,""
4698859181703168,5935663604039680,Chelsie Berge,Vern Kunde, accusamus
2879169763475456,7593851294318592,Leann Kris,Kale Collier,","
2896517025234944,7593851294318592,Khalil Gutkowski,Sunny Kilback-Reichert,%
8646460000174080,7386623394185216,Hermina Ankunding,Colleen Gulgowski,h
2291629922713600,7386623394185216,Mariano Feest,Phoebe Wisozk,2
3305048050237440,8070629695684608,Alexa Ryan,Daija Hartmann,Director
3607529842016256,1017950953799680,Destiney Koepp,Israel Conroy,Producer
3448718860746752,1017950953799680,Angela Gleichner,Pierce Stroman,Producer
3201554962186240,6140183705550848,Therese Wisoky,Kaci Daniel,Screenwriter
4706413068681216,3231232708050944,Tiffany Hegmann,Mellie Wyman,Actor
4969248591970304,948050954551296,Marcos McGlynn,Ida Considine,Film Editor
3376184377212928,948050954551296,Mateo Crooks,Una Walker,Film Editor
2879956747026432,1804364087820288,Marlen Bergnaum,Alek Bechtelar,Costume Designer
