id,title,description,release_year,age_certification,runtime,genres,production_contry,seasons
3692563714277376,Quo molestiae blanditiis molestias.,Fugiat aliquam laudantium ratione. Nisi provident labore deserunt magni non dicta repellendus. Cum aliquam velit nisi hic dicta ad. Distinctio tempore ipsa voluptatibus aspernatur repellat. Consequuntur atque quaerat eligendi beatae ut ad velit voluptas. Unde alias consequuntur id tempore ea expedita nobis. Rerum voluptas autem nulla quae. Saepe eum officia recusandae quia aut deserunt.,2024,18,76,error,at,aut,est,laborum,incidunt,sequi,consequuntur,quo,DEU,17
-1,Voluptatum ex.,Voluptatem laudantium quisquam ad. Dicta esse velit eos asperiores. Reiciendis dolorem pariatur nam quaerat architecto. Ipsum repellendus repellat voluptatem facilis fuga debitis numquam labore maxime. Excepturi reiciendis quo odio nostrum tenetur mollitia debitis suscipit. Placeat ullam iusto doloribus adipisci rem autem quibusdam. Quos cumque laborum occaecati doloribus sint dignissimos recusandae.,2023,G,169,totam,voluptas,ZWE,21
"",Numquam et.,Soluta tempore voluptate illo. Tempore dicta atque nulla molestiae totam. Soluta nobis natus delectus exercitationem saepe eius dolores beatae. Quod enim eos quis dolores consequatur non. Quisquam cumque quos. Iusto voluptas dolor numquam non quos. Optio nam ullam. Ut excepturi totam.,2023,12A,187,laudantium,alias,quo,labore,MDG,98
"",Omnis ex sapiente praesentium.,Inventore qui commodi veniam animi id quo voluptates. Aut nostrum architecto quidem odit temporibus corporis impedit reprehenderit. Sit eaque veniam. Ipsam odit perspiciatis incidunt magni sint inventore. Nesciunt nam dolorem. Veritatis non in quaerat. Perspiciatis iste unde illum incidunt natus. Ipsum qui suscipit est natus iusto a aperiam. Alias libero eaque expedita dignissimos ipsum veritatis totam ad ullam. Ducimus atque eius laboriosam pariatur magnam necessitatibus eos amet.,2024,12A,61,cum,modi,vitae,iusto,reprehenderit,doloremque,quo,blanditiis,SLB,75
0.023473557084798813,Error eaque.,Unde mollitia laboriosam vel enim nam nihil voluptate sint. Quasi vitae at. Sed vel repellendus blanditiis repellendus. Suscipit velit cum explicabo eum numquam qui doloribus perferendis incidunt. Veniam mollitia voluptate ab veniam. Voluptatem ipsum ut nam eligendi asperiores magni ex. Eaque veritatis eligendi repellat temporibus vitae odio est.,2022,G,116,porro,quia,BHR,67
9007199254740991,Doloremque.,Consectetur minima dolorum eius sequi facere ratione. Amet omnis eos inventore sunt repudiandae mollitia consectetur ad. Fugiat nisi tenetur dolore vel. Sed iure enim a pariatur. Inventore delectus quasi neque laborum. Voluptatem doloribus odit quaerat facilis animi. Impedit sequi ex voluptatum quas autem nobis amet omnis minus.,2022,R18+,71,voluptatibus,alias,blanditiis,autem,nostrum,perferendis,placeat,esse,quod,KGZ,53
9007199254740992,In qui ex deleniti.,Odit aperiam necessitatibus. Doloribus eligendi at in illum officiis maxime delectus necessitatibus cum. Minus nostrum eos vero unde ducimus voluptate blanditiis magnam doloremque. Quaerat perferendis commodi incidunt consequatur iste mollitia maxime. Laborum corrupti ab occaecati nihil pariatur quos.,2024,G,152,asperiores,SYR,40
738930058067968,"",Quisquam nisi sit laudantium autem quidem adipisci ex. Fugiat quas mollitia laboriosam fugiat doloribus nulla odio assumenda. Pariatur necessitatibus maiores tempora facilis omnis. Sint ducimus voluptatem est maiores voluptate iste cumque voluptates. Quae natus quo excepturi adipisci molestias ratione. Fugit amet eius placeat dolor voluptate. Ad modi assumenda maxime harum ratione veritatis. Asperiores nulla error assumenda magnam repudiandae. Porro rerum quasi autem rem eligendi. Itaque ipsam assumenda autem quae optio autem dolores autem dolor.,2023,6,162,natus,quae,minus,CAF,83
8863876026204160,"",Cum ex aliquid quo deserunt itaque enim eos dolore. Dolorum magnam voluptatum. Incidunt pariatur dolorum maxime aliquam iusto voluptatum. Sunt aut inventore sapiente debitis veniam perferendis atque veniam ullam. Error dolor soluta assumenda ipsum. Assumenda officia unde.,2022,C,120,sit,pariatur,possimus,ABW,2
2086126959460352,"",Doloremque debitis officiis expedita cupiditate esse fuga perspiciatis inventore. Voluptatibus consequatur ad quas quo id deserunt nobis. Earum voluptatibus quos velit dicta provident cum quaerat amet. Exercitationem reiciendis illo recusandae cumque esse. Temporibus aut minus iste itaque ullam eaque quae pariatur eaque. Adipisci ratione illo dolor repellendus accusamus voluptate. Qui est magni magni reiciendis quibusdam architecto saepe quo. At architecto aut quidem. Iusto deleniti debitis hic enim ducimus rerum consectetur. Harum quasi quam dolorum suscipit ex ab repellendus similique.,2024,R18,96,libero,ad,numquam,neque,earum,cupiditate,est,porro,exercitationem,laboriosam,KIR,22
78690071347200, beatae,Reprehenderit delectus sequi accusamus praesentium. Fugit id dolore excepturi voluptates expedita hic error minus ratione. Delectus laborum in nulla a iusto veritatis in vero. Suscipit aliquid amet optio quaerat debitis pariatur distinctio ducimus. Harum omnis labore repudiandae error odio sapiente impedit autem. Architecto pariatur totam a provident. Ipsum blanditiis maiores. Numquam laborum maxime ipsa quae error.,2024,E10+,144,sapiente,impedit,temporibus,vero,rem,TUN,33
7817347796566016,",",Accusamus labore illum consequatur cum mollitia error quisquam nemo. Dolores tempora voluptate cumque praesentium architecto neque. Ipsam architecto accusamus eaque iusto quas. Animi quisquam maiores asperiores porro excepturi. Ut corporis deleniti ut. Exercitationem quidem consectetur voluptates consequuntur neque earum adipisci. Deserunt voluptatem earum suscipit molestiae. Necessitatibus in similique corrupti voluptatem. Doloribus sapiente animi reiciendis sequi voluptate.,2023,NC-17,161,cum,nobis,quisquam,labore,dolor,aut,consequatur,deserunt,error,architecto,EGY,7
5891239951990784,+nostrum,Ab ipsam provident nesciunt animi ducimus corporis. Maiores quaerat iusto doloremque fuga ad saepe consectetur id. Voluptatem aliquam expedita debitis. Ab veritatis cum optio sed recusandae placeat quas quisquam. Quasi hic odit itaque esse. Modi officia et excepturi.,2024,X18,74,asperiores,dolores,omnis,fugit,tenetur,doloremque,labore,itaque,eum,KGZ,100
1617116249718784,F,Fugit in qui deleniti eos. Molestias quam quaerat mollitia tenetur. Voluptatem magnam iusto autem eum odio. Quo dolorem ad ut consequatur quo porro. Quod eum nihil eaque aperiam facilis dolore fugiat voluptas impedit. Vero ipsa nemo mollitia. Itaque esse nesciunt necessitatibus incidunt eveniet illo vitae dolores facilis. Molestiae officiis iure voluptatibus ab ipsam aspernatur asperiores officia. Enim ut ducimus et inventore laudantium praesentium. Libero non a debitis ipsa facilis adipisci perferendis assumenda dolor.,2023,U,151,natus,consequatur,MTQ,94
963755393417216,r,Ipsum atque consectetur quas fugit aliquam reprehenderit. Commodi nemo illo quia expedita repellat. Eligendi incidunt a laudantium. Harum neque ut ipsum. At quos deleniti eligendi laboriosam magni itaque cumque culpa. Voluptate odio earum ipsam veritatis nostrum quia pariatur nihil aperiam. Accusantium id aperiam occaecati facere alias veritatis. Totam facilis itaque vero tempore quisquam odio illum. Maxime quisquam sit sed.,2023,E,155,fugiat,voluptatibus,quibusdam,facere,eum,GUM,42
1660847405400064,Odio quasi nihil corrupti commodi itaque fuga eligendi a.,"",2023,G,165,necessitatibus,at,odio,officia,eaque,fugiat,velit,rem,animi,magni,GTM,31
3281728089096192,Dolorum ratione consequatur vel neque explicabo eligendi quia beatae.,"",2023,MA15+,89,illo,eos,PRK,55
8706270290771968,Nisi unde nulla consectetur et officia recusandae quod occaecati.,"",2023,C,181,debitis,vero,laudantium,repellendus,EST,31
4756949782495232,Officiis distinctio facilis repudiandae., aliquam,2023,9,163,quaerat,possimus,facilis,a,VUT,27
337955260465152,Saepe voluptates modi a voluptate natus laborum nam facilis atque.,$,2024,NC-17,100,voluptates,aliquam,laudantium,quasi,facere,atque,cum,SVK,68
2236265279782912,Accusamus beatae perferendis necessitatibus maiores totam exercitationem accusamus.,\facilis,2022,R21,128,expedita,aspernatur,vitae,libero,quas,eius,repellendus,nulla,sapiente,quae,BRB,65
6260802447212544,Delectus quae aliquam quibusdam exercitationem.,J,2022,T,106,optio,dignissimos,architecto,animi,deserunt,GHA,46
818677169520640,Ab harum esse.,z,2024,12A,119,aliquam,rem,quas,deleniti,suscipit,totam,eligendi,rem,facilis,HMD,5
1214335277858816,Nam eum sed molestiae expedita veniam illo doloribus voluptate provident.,Consequatur quisquam corporis nisi quae necessitatibus dolores tenetur inventore. Unde neque ratione. Quo atque expedita. Veniam assumenda officia incidunt. Dignissimos nisi quos qui minima ipsum repellat sunt aliquid facere. Provident adipisci soluta velit eligendi dicta officiis facilis assumenda voluptate. Fugiat ullam aliquid asperiores ea officia nobis. Corporis vel recusandae debitis rerum tempora dolore. Ab placeat ipsa commodi omnis sapiente fugiat veniam magni consequatur.,-1,18,59,natus,laborum,quae,quasi,fuga,fuga,consequatur,AIA,25
6064106593320960,Distinctio harum suscipit ut vel nihil quae maxime qui facere.,Rerum quas alias excepturi unde. Dolore tenetur incidunt at quo omnis minus pariatur dolor aperiam. Doloribus nemo dolore numquam minima blanditiis veniam. Consequatur similique culpa itaque omnis quos. Eius adipisci animi dignissimos. Quae itaque ducimus. Illo rerum ab repellat.,"",TV-G,51,beatae,quos,illo,rem,repudiandae,libero,accusantium,quam,ipsum,laudantium,GHA,49
6664569543983104,Facere incidunt.,Occaecati mollitia veritatis pariatur architecto id magnam. Tempora ipsum recusandae sequi molestiae deserunt quibusdam eos totam. Vero placeat atque amet possimus reiciendis nihil autem enim omnis. Modi libero esse repellendus laboriosam dignissimos qui consectetur voluptatem mollitia. Veritatis aspernatur eos perferendis consectetur. Ad consequuntur nulla magni sapiente. Quo error aut aut ut.,"",C,156,doloremque,eum,ut,MNG,78
4900763943829504,Natus inventore necessitatibus corporis ad odio.,Vitae autem harum iste harum. Mollitia quo minus numquam odit quasi deserunt magni cum. Voluptatem optio aliquid laudantium itaque nulla velit corrupti sequi at. Ut soluta quibusdam qui voluptatibus inventore repellendus cumque. Iste quisquam minus. Mollitia mollitia tenetur est numquam. Laborum dolor animi ipsam cupiditate odit. Beatae totam cumque. Ullam deleniti officiis iste.,0.8633187517989427,AL,35,enim,consequatur,debitis,magni,JPN,90
5815439173091328,Vero quia quaerat officia.,Vel molestiae velit expedita quam. Explicabo consectetur voluptates qui ut. Facilis non repudiandae veniam similique. Odio impedit sequi quos. Minus fugiat quisquam perferendis aspernatur omnis illo ut explicabo. Adipisci consequuntur quisquam perferendis.,9007199254740991,R21,190,rem,dicta,vel,optio,odio,rerum,saepe,exercitationem,architecto,SOM,33
2774940568780800,Ullam expedita.,Sapiente quasi totam. Quisquam suscipit omnis. Pariatur commodi quod repellendus illum. Dignissimos maiores veniam ut itaque repudiandae. Distinctio minus ab. Sequi tempora voluptatum quia animi et tenetur. Occaecati omnis debitis sunt odit perspiciatis. Sequi quis odit deleniti quibusdam saepe. Cumque labore et. Eos porro sapiente nisi consectetur eveniet ex tenetur inventore illum.,9007199254740992,6,87,facere,consequatur,labore,itaque,eaque,voluptates,vel,AND,16
8200945760468992,Dolor voluptatibus quam deserunt ad facilis officia commodi.,Magnam impedit rem eum. Optio reiciendis harum nesciunt qui praesentium sunt incidunt. Aperiam laborum qui adipisci. Vero consequatur sunt quaerat facere voluptas nulla maiores quam quos. Incidunt dignissimos dicta ea. Excepturi quasi reprehenderit sunt perspiciatis ipsa. Fugit ab autem voluptatibus. Eveniet voluptatem ullam.,2023,"",128,exercitationem,REU,19
4911599653486592,Voluptatem iusto.,Quam tenetur enim temporibus officiis porro quibusdam eveniet. Nesciunt sapiente debitis quis consequuntur voluptate. Voluptatibus facere dicta. Dignissimos iure officia temporibus unde. Corporis natus illum exercitationem deserunt illum non deserunt nobis dolorum. Quibusdam sit cum velit voluptas maxime optio. Perspiciatis ea qui culpa aspernatur. Tenetur accusamus inventore sequi voluptas vitae laborum dignissimos. Culpa similique harum quia iusto blanditiis debitis voluptate. Placeat voluptate ducimus cupiditate ab.,2024,"",118,eveniet,perspiciatis,fuga,nobis,animi,SYR,99
1435200269582336,Pariatur ad veniam eveniet ducimus.,Non aliquam nam dolore in architecto ipsam. Assumenda odit aspernatur commodi. Deleniti nulla ratione rerum sint nam. Cumque culpa odit. Eligendi ipsam dolores quibusdam repudiandae. Perferendis itaque repellat quam est cum deserunt laudantium voluptate. Ex corporis dolorem sit nesciunt dolore quos tempora possimus. Enim modi expedita. Tenetur nihil accusamus voluptatem aspernatur at.,2023,"",54,expedita,cupiditate,deserunt,quisquam,similique,commodi,asperiores,KAZ,55
205954423455744,Similique nemo optio.,Reprehenderit animi numquam dolore architecto illum perspiciatis quia. Non dolores quos rem doloremque. Amet inventore dicta minus corporis sapiente id asperiores. Perferendis necessitatibus ea. Tempore dolorum sint. Impedit hic reiciendis ipsum odio. Deleniti distinctio illo sapiente voluptatibus laboriosam. Corporis in at ex mollitia enim rerum deserunt quo. Accusamus at cumque perferendis qui magnam assumenda aut expedita. Atque voluptate libero laborum.,2023, eligendi,81,excepturi,LBN,87
4402093880246272,Numquam tempora sunt ea sequi.,Distinctio quis necessitatibus quam. Quae reprehenderit nam nulla excepturi cupiditate incidunt officiis dicta. Quaerat deserunt dolores quod. Similique esse veritatis vel tempora voluptate ab nemo inventore laboriosam. Sed accusamus enim cumque facere minima modi eveniet.,2023,),85,ut,exercitationem,eum,voluptas,tenetur,consequatur,AUS,63
3536150159425536,Voluptatem sit qui numquam eos.,Doloribus repudiandae voluptate corporis ducimus quo quae nemo. Sequi placeat iure nobis. Ea tempora repellendus ducimus sint fuga quidem cum ad harum. Quas minima fuga. Distinctio voluptatem quis nostrum voluptate officiis unde esse. Iste iure dicta dicta sequi blanditiis corporis. Ex praesentium sapiente rerum harum porro.,2024,"""vitae",60,architecto,quasi,incidunt,quam,quis,maiores,laudantium,perspiciatis,rerum,non,AZE,33
2119168230948864,Iure amet itaque dignissimos quas commodi tempora soluta odit.,Minima architecto harum id ex earum nisi non. Pariatur tenetur quod a recusandae hic quas. Ipsum rem praesentium. Blanditiis assumenda maiores sint error architecto. Placeat neque ut amet minus totam dignissimos quos. Temporibus dolorem placeat esse minus debitis. Dolores ducimus placeat dolore tempora nemo quisquam iste commodi.,2024,0,156,laborum,DOM,7
1336823206903808,Aliquam doloremque esse quidem magnam beatae incidunt cupiditate aspernatur optio.,Repellendus aliquam illo ex quo esse temporibus labore porro assumenda. Quae nesciunt laborum. Itaque voluptate ab iste error quibusdam eaque sunt voluptatem. Officiis sint voluptatem quam sit labore nam maiores quae porro. Amet quae laborum ea culpa possimus non perspiciatis et natus. Illo labore ut a saepe molestias deleniti asperiores voluptatibus. Eaque et laudantium soluta cupiditate.,2024,c,95,ducimus,voluptatem,dolore,facilis,repellendus,SLE,56
7938307635806208,Illum maxime ad ab tempore accusantium provident repudiandae molestiae.,Minus voluptatibus atque eos expedita mollitia. Nihil explicabo optio consectetur ducimus consequuntur ullam. Quam enim voluptates fugiat asperiores ipsa eos eaque ipsa animi. Fugiat voluptatem suscipit corporis sequi molestias voluptatibus repellendus fugiat doloremque. Beatae alias deleniti atque assumenda vitae. Ab doloremque molestias sint quia assumenda aliquam delectus. Odit quae labore magnam. Exercitationem culpa nesciunt dolore amet enim.,2023,G,190,numquam,non,animi,placeat,HND,45
2542712618221568,Blanditiis libero nisi itaque aliquid odio illo.,Nam et hic voluptatum. Eaque velit dolorum cum quis. Quidem occaecati voluptas quia numquam corporis voluptate similique explicabo alias. Mollitia ducimus minima neque cum nobis accusantium reprehenderit. Quo accusamus id consequatur facere. Occaecati quod harum aut animi dicta deleniti dolorem praesentium occaecati. Officia sequi suscipit unde cum possimus distinctio.,2023,PG,67,nulla,SYR,29
1901879913086976,Alias sit molestiae quas.,Optio labore quaerat maiores sunt possimus natus. Doloremque eius rerum harum ex deserunt. Provident quisquam omnis expedita ullam assumenda consequuntur. Saepe natus iste veniam ipsam. Dolorem praesentium blanditiis eaque. Enim facere ipsam sit corrupti. Officiis aliquid exercitationem repellat quam provident molestiae nemo. Eveniet sed accusantium libero commodi.,2022,PG-13,68,in,saepe,rerum,quia,reiciendis,ad,exercitationem,placeat,ALB,6
8565465601277952,Itaque voluptatibus ratione suscipit explicabo veritatis.,Nesciunt in dolore error ab dolore accusamus. Repudiandae libero quos illo. Velit temporibus reprehenderit deserunt excepturi. Quaerat ducimus magni tempore beatae provident quidem voluptates quibusdam quo. Architecto maiores omnis corrupti repudiandae voluptatem porro architecto dolore similique. Praesentium nam ullam consequuntur earum exercitationem. Similique neque at culpa eaque deserunt. Ratione facere doloremque officiis molestiae dolor alias aliquam vero. Consequatur repellendus expedita quia deserunt amet.,2023,R,182,sint,beatae,ab,temporibus,libero,veniam,quia,quidem,necessitatibus,JOR,31
8861297049337856,Assumenda aliquid iusto natus consequatur illum.,Ad atque quia sequi molestias quis. Ipsum et quo soluta dolorem voluptas. Cumque dolor animi eveniet beatae labore a accusantium iusto. Sapiente deleniti porro. Blanditiis deleniti incidunt accusantium molestias a natus possimus excepturi odio.,2023,NC-17,173,recusandae,perspiciatis,praesentium,eveniet,alias,in,officiis,labore,et,quod,OMN,93
6539223471489024,Sed magnam accusamus atque esse.,Animi perspiciatis beatae natus ullam rerum vero. Et totam quo. Amet saepe deserunt veritatis amet cumque deleniti reprehenderit molestias dolorum. Reiciendis veritatis cumque at hic. Amet quod voluptate deleniti ad.,2024,U,57,asperiores,accusamus,ex,molestiae,dolore,omnis,magnam,accusamus,CUW,57
415935986925568,Doloremque ad perferendis cumque aliquid maxime odio quam.,Ex nam repellat qui. Non ipsam corrupti quaerat fuga sapiente incidunt ullam optio recusandae. Inventore minus eaque expedita maxime. Error occaecati reprehenderit repudiandae impedit officiis. Incidunt officiis quam nostrum doloribus maiores vero vero consectetur. In vel architecto.,2024,U/A,192,provident,adipisci,accusamus,atque,odio,commodi,quasi,dolor,aspernatur,VUT,79
1728003790864384,Ducimus eveniet perferendis tenetur recusandae dolorem.,Atque dolorem voluptate est molestiae nesciunt cumque sunt quod. Vero iste modi culpa numquam. Excepturi inventore aut velit ea illum ea molestias cumque laboriosam. Reprehenderit sequi exercitationem at eveniet eius nihil. Nemo veniam quis neque. Hic magni exercitationem debitis quod totam pariatur. Aut a maxime ratione fugit dolorem facilis necessitatibus. Ullam corrupti illum fugiat cum aut itaque nostrum in.,2023,A,192,deleniti,eos,tempore,illum,accusantium,optio,cumque,POL,63
3145417392914432,Expedita rem ad enim expedita architecto.,Suscipit voluptatum sed dolorum eum repellendus. Voluptatum ullam in dolorem impedit nobis quisquam omnis. Suscipit quam voluptatibus quod quaerat cupiditate in tempora occaecati sed. Cum sint accusamus exercitationem esse non quos eos. Placeat reiciendis nemo dolor repellendus.,2024,S,186,iusto,NCL,50
5861888780926976,Omnis adipisci.,Voluptatibus eligendi reprehenderit facilis corrupti quis enim ut. Culpa optio minima eum libero sapiente. Sapiente recusandae quia a adipisci minus non nam quas quia. Quis vitae vero esse. Nihil ipsa quis quam quo distinctio asperiores.,2024,AL,118,in,nisi,adipisci,assumenda,amet,corporis,inventore,aut,IND,49
326887549173760,Porro quibusdam quam eos sapiente eos.,Provident veritatis nulla. Minus eos alias. Quod aut nihil necessitatibus velit. Nulla iusto sunt. Ea tempora vero harum cumque atque tempora tempore occaecati. Aut quisquam ducimus commodi ipsa veritatis voluptas quasi. Provident itaque dicta unde eius quod dolor. Nihil nostrum culpa laudantium molestias magni vitae iure. Nostrum perferendis maiores quisquam. Quod rerum ex temporibus corrupti possimus necessitatibus adipisci dolores doloremque.,2023,6,67,atque,ullam,ducimus,eveniet,numquam,commodi,LUX,59
913043150077952,Voluptates laborum aut animi blanditiis laboriosam.,Harum libero recusandae eos rem laboriosam. Itaque voluptates incidunt magni vitae. Excepturi aliquam officiis inventore officia inventore numquam vero totam. Explicabo provident veritatis sapiente reiciendis occaecati quibusdam. Quam vitae omnis corrupti iste. Assumenda dolorum quae consequatur dolore ipsa voluptate laudantium animi. Asperiores repellat illum. Possimus excepturi quos aliquam rerum odit veritatis doloremque praesentium. Eos nihil adipisci debitis ex odio eos perferendis explicabo. Eius laborum ratione reprehenderit debitis iste quod iure quos dolores.,2024,9,168,dolor,saepe,a,eligendi,esse,dolorem,quia,quod,mollitia,veniam,CRI,90
1523560694677504,Error mollitia suscipit exercitationem asperiores debitis.,Tenetur pariatur aspernatur quo. Dolores minima architecto magnam molestiae officia autem nihil blanditiis neque. Tempora culpa officiis. Reiciendis ab dolorem quo dolores doloremque amet tempora deserunt voluptatem. Ab molestiae ex sapiente ipsam molestias. Beatae quibusdam quas. Natus impedit culpa autem laudantium perspiciatis nam in assumenda ullam. Aperiam assumenda omnis sunt dicta facilis quod sapiente. Molestias a sint et aut enim veniam rerum quisquam.,2023,12,61,dolor,perferendis,inventore,facere,expedita,voluptatum,labore,TTO,92
1573402823360512,Animi ipsa.,Cum eveniet assumenda magni quidem autem quam. Eligendi sed vero quam aliquid sequi ducimus esse. Molestiae nam ratione deleniti quis quam. Assumenda asperiores veniam a itaque hic laborum eligendi consequuntur. At odio eos sunt odit facilis quisquam occaecati ipsam reiciendis. Voluptas odio alias facilis minus. Similique architecto officiis quidem a incidunt omnis nemo assumenda. Nemo quo eius est sit. Culpa vitae ad expedita eius. Sequi repellat sapiente odio.,2024,12A,69,optio,et,TUR,4
7645528810586112,In dolore explicabo.,Commodi molestiae ex ex ipsa aut. Voluptates architecto vero non magni architecto labore. Dolores labore incidunt. Perferendis temporibus nesciunt atque velit culpa ratione quia. Cum saepe veniam odit ipsum nihil blanditiis sit fugiat. Labore eius sapiente.,2023,15,167,quibusdam,aliquam,magni,distinctio,repudiandae,non,architecto,BGR,40
3977552295100416,Fuga.,Maiores accusantium totam a amet tenetur ipsa possimus. Quae inventore alias cupiditate architecto voluptates eum nihil voluptas sint. Adipisci quisquam eum at nesciunt esse inventore dignissimos. Minus eum autem officia numquam. Odio consequuntur atque eos. Mollitia cumque assumenda. Esse sequi nihil ea ad nihil possimus voluptates quod alias.,2024,18,58,autem,RWA,74
5848202032971776,Repellendus quasi rerum veniam est corrupti facere sapiente neque.,Quia perferendis dicta. Perspiciatis asperiores cupiditate in et quisquam rem est nostrum. Nam velit veritatis sequi eligendi sapiente officia omnis. Enim veritatis quis pariatur occaecati laborum nam in. Voluptatum consectetur deserunt nemo porro repellat nam tenetur. Quis ab excepturi earum.,2024,18R,155,provident,veritatis,TON,18
618506211033088,Autem maiores beatae vel voluptatum molestiae iure impedit quas.,Eligendi ipsa laborum possimus. Dolorem alias odio eius error. Dicta quas quas sunt magni. Corrupti voluptatum illo possimus eius laborum placeat officiis minus accusamus. Totam exercitationem rem excepturi dolores deserunt harum.,2023,R18,66,iste,assumenda,necessitatibus,illum,fuga,rerum,assumenda,accusamus,DJI,45
3976064265093120,Possimus.,Magnam cupiditate pariatur saepe quis quas vitae. Consequatur ut quibusdam natus. Dolorem iure ullam nihil libero mollitia. Iusto repellat et natus commodi cumque exercitationem repellendus voluptatem eveniet. Odio praesentium vero suscipit quo corporis minus blanditiis. Ea quos a aliquam voluptatibus. Impedit aut fugiat commodi veniam perspiciatis facere quis minus.,2024,R21,128,earum,ducimus,nulla,harum,officia,fuga,optio,earum,MAC,1
2288260355194880,Labore cum ipsum quisquam hic mollitia.,Dolores quia excepturi enim eius itaque nostrum ipsa. Delectus modi harum ad porro facilis illo. Deleniti modi sapiente a. Iste suscipit fugit numquam ullam qui. Fuga cupiditate tempore soluta. Sint voluptatem recusandae dolorem libero officia.,2022,M,92,quaerat,atque,delectus,dolorem,tempore,amet,voluptatibus,earum,PRK,73
7347600197943296,Unde sapiente ducimus consectetur consequatur dolores vel provident atque.,Officia totam molestiae in eius sequi quos quisquam eveniet omnis. Perferendis fuga molestias. Enim provident voluptatem impedit ex fugiat exercitationem recusandae natus ut. Ex cumque laborum nisi ipsum. Blanditiis expedita voluptatum consequatur nesciunt. Quasi nam accusamus consequatur nisi consectetur. Quod minima provident consequuntur culpa corrupti maiores provident. Reprehenderit occaecati quia assumenda dolorum sint ipsam.,2023,MA15+,69,voluptatibus,natus,aut,deserunt,iusto,veniam,esse,occaecati,quidem,SPM,74
6623217852612608,Assumenda repellat.,Quaerat dolores voluptatem iure quo voluptatibus. Dolorem et cumque deleniti harum animi eos. Molestiae eveniet placeat ad ea praesentium ea praesentium ipsum quidem. Placeat ipsum fugit nisi blanditiis qui voluptate consectetur. Deserunt animi totam aut repudiandae quibusdam possimus autem sapiente ullam. Optio sunt accusantium quibusdam ipsa in consequatur porro dolores. Ex tenetur porro dolorum ea cum molestias. Labore distinctio totam voluptas maiores ex illo quidem adipisci. Quas dolorum sit aliquam. Accusantium asperiores consequuntur debitis id placeat a.,2023,R16,154,ab,beatae,ZAF,52
7979977142173696,Doloribus dolor reiciendis amet aperiam sapiente qui.,Asperiores at voluptatibus ad iusto explicabo nam perspiciatis exercitationem. Sunt temporibus veniam corrupti exercitationem. Magnam modi assumenda nemo labore deleniti repellat aperiam architecto. Aliquam voluptatum similique error pariatur quae. Fugit quaerat ut non delectus nisi. Quos perferendis libero. Error ratione nobis error dolorum quaerat earum repudiandae. Rerum quos facere.,2023,R18+,196,totam,accusantium,consectetur,KOR,73
7499075230367744,Blanditiis quia doloremque impedit.,Veritatis quisquam unde magni ab dignissimos necessitatibus fugit esse. Architecto eum perspiciatis sequi sed et porro at quaerat. Unde aspernatur quibusdam amet molestias hic in commodi. Libero quia aperiam recusandae doloribus explicabo veritatis explicabo. Sapiente suscipit sint eum. Ipsam corrupti quis facere commodi molestias necessitatibus suscipit modi. Eveniet alias consequatur velit minus dignissimos ipsum odio. Odit quisquam fugit doloribus consequuntur ad.,2024,X18,153,fugiat,NOR,36
2996253658972160,Odit eius totam dolorum totam quia id.,Fugiat aperiam accusantium dolores ratione eveniet eum dolores quo laboriosam. Maiores quis at sapiente recusandae modi voluptatem. Omnis eaque deleniti dignissimos tempora dolorum. Sint ipsam odit possimus earum recusandae magnam ullam impedit quidem. Nostrum temporibus veritatis eaque. Nulla harum rerum natus. Rem molestias ipsam et autem numquam excepturi. Adipisci repellat dolorem dicta aliquam dolorem aliquid nisi ab dignissimos. Nesciunt consequatur aspernatur. Tenetur qui commodi harum quo.,2024,T,143,ratione,BVT,14
3109140593377280,Accusantium quos quasi perferendis adipisci sunt fugiat.,Occaecati provident rerum vitae. Exercitationem labore ex explicabo ducimus aliquam magnam ullam adipisci. Nobis cupiditate soluta sapiente repellendus atque architecto cupiditate facere. Voluptatibus unde veritatis officia nostrum eveniet perspiciatis nam dicta a. Excepturi velit placeat vel excepturi ipsam tempora. Quae sequi officiis non quam expedita aliquid deleniti sapiente. Doloremque quibusdam rerum. Reiciendis eaque totam animi. Similique praesentium culpa quaerat tenetur et quo omnis distinctio soluta.,2024,E,181,illum,IRL,48
7255470624473088,Eaque quia cum ex ex ratione nobis expedita eaque pariatur.,Maxime nobis ipsam provident itaque nulla. Et similique adipisci iste. Nobis eos unde impedit voluptatibus accusamus esse quo earum. Quos officia provident molestiae laboriosam sit aut ullam facilis ad. Ipsa commodi nemo quam sunt modi saepe iure molestiae eligendi. Rem reiciendis magni aliquid incidunt cumque. At atque velit eaque ex libero vel animi. Qui ab necessitatibus exercitationem quasi illum nam nisi.,2024,E10+,58,dolore,sapiente,error,ullam,aliquam,suscipit,laborum,laborum,AZE,72
5234402216902656,Nostrum facilis beatae a ullam.,Provident expedita ullam quasi accusamus maxime. Et perspiciatis ab libero. Aliquid optio labore sapiente similique ducimus magnam aliquid. Molestiae excepturi laboriosam perferendis cumque cumque. Aut cum ut maxime exercitationem.,2024,EC,198,atque,magni,ipsa,architecto,nam,enim,doloribus,GRL,47
8987245488898048,Adipisci corrupti saepe consequuntur nobis pariatur et aut neque.,Eligendi esse explicabo sit reiciendis error officiis doloremque consectetur magni. Vel quis saepe. Ab officia quas labore ratione totam voluptas libero mollitia assumenda. Quo ab eius sed soluta alias fugit numquam iste. Expedita aspernatur a quis praesentium molestias ducimus corrupti voluptates sequi. Corporis minima praesentium qui in eveniet. Ad sint optio blanditiis rem distinctio id repellendus consectetur.,2023,C,36,corporis,quibusdam,ad,eum,dignissimos,voluptate,velit,repellat,officia,accusamus,URY,69
965426116820992,Aliquam.,In occaecati minima omnis error. Molestiae quisquam quasi iste nam voluptatem qui quia explicabo consequuntur. Accusamus debitis harum voluptatibus at ipsa dolorem repellendus nihil culpa. Dolorem necessitatibus at quia blanditiis assumenda. Ut autem repellat. Cupiditate doloribus ab. Molestias provident distinctio dicta laborum. Vero incidunt a maxime perspiciatis dignissimos et placeat quasi. Quas eum quae quibusdam. Quis quasi quidem ipsa voluptas rerum sequi rerum deleniti.,2023,CA,89,atque,labore,ab,omnis,quae,magni,delectus,distinctio,voluptatibus,facilis,GMB,63
2023449111298048,Amet nesciunt laboriosam quo officia quaerat aspernatur quo.,Voluptate excepturi consectetur amet praesentium corporis. Reiciendis nostrum voluptatum nemo quae. Velit nesciunt laborum adipisci ad error sapiente maxime quasi. Culpa dignissimos voluptate. A officia ad.,2024,GP,139,doloremque,magnam,quidem,placeat,esse,SXM,2
3053310449811456,Iste at ad explicabo in labore ipsam veniam.,Sunt voluptate deserunt ratione ut reprehenderit ad maiores. Maxime temporibus nam blanditiis in maxime laboriosam. Molestias minus sunt quaerat sequi perspiciatis pariatur. Cum illum culpa deleniti odit ab expedita. Saepe hic earum. Eum eveniet tempore explicabo odio magnam sunt consectetur. Ipsam deleniti alias ratione. Sit repudiandae eum incidunt vitae nam vitae sequi. Eligendi incidunt nulla corporis distinctio fuga veniam.,2023,M/PG,188,sit,UKR,2
4227543643193344,Nesciunt quia non sunt dolorum quis.,Ab magni quod quos saepe enim aspernatur. Nam consequuntur facilis. Earum autem ipsum placeat. Officiis error quaerat facere perferendis labore. Exercitationem perferendis consectetur. Quaerat dolore et impedit architecto expedita adipisci maxime at quo.,2023,TV-Y,107,laudantium,rem,laudantium,corrupti,unde,odit,libero,labore,sunt,GTM,51
7884805674893312,Voluptatem recusandae impedit.,Consequuntur sequi expedita excepturi. Tempore eos quo at sint. Vero facilis perspiciatis illum. Modi eius nesciunt inventore cupiditate. Nihil doloremque quidem voluptatibus ullam saepe necessitatibus ipsam nostrum aliquam. Nulla aperiam numquam sunt iste dicta. Aspernatur qui aperiam. Quas optio laboriosam. Aliquam itaque et esse in quis laboriosam necessitatibus nostrum doloremque.,2024,TV-Y7,185,magni,BLR,90
7280473904513024,Illum libero sint.,Nihil similique quidem magnam placeat numquam reprehenderit. Blanditiis occaecati asperiores saepe. Odio ipsam non quisquam rerum quae fuga asperiores possimus totam. Doloremque est nemo consequuntur odio. Eveniet ea sit dolor. Possimus occaecati excepturi harum aut eum. Nam incidunt maxime. Quod ad sit cum officiis. Corporis ex natus nam error harum amet rerum. Deleniti blanditiis error saepe magnam doloribus deleniti.,2023,TV-G,93,laudantium,dolores,modi,nostrum,quisquam,culpa,quam,facilis,eligendi,ducimus,SJM,74
3544332158107648,Debitis aperiam quam blanditiis velit dolore a dolorem sint.,Soluta aspernatur ducimus exercitationem sapiente provident odit expedita asperiores earum. Magni perferendis praesentium. Consequuntur accusamus dolores error quia delectus doloribus qui eligendi. A quidem deserunt iusto unde similique voluptatibus sequi laboriosam. Quam alias fugiat sint dignissimos molestiae ex exercitationem perspiciatis voluptatem. At quod inventore itaque molestias quia vel.,2023,TV-PG,157,fuga,reiciendis,tempora,porro,quis,MAC,81
8780091068776448,Repellendus voluptatem neque vitae repellendus recusandae maxime voluptate.,Officia aspernatur asperiores officiis praesentium corrupti minus ipsum. Error magni sed occaecati optio repellat. Molestias nihil iusto amet repellendus nesciunt eaque aliquam libero. Sit facere illo tenetur saepe quisquam sequi. Et itaque aliquid praesentium. Dolorem reprehenderit veritatis porro sint natus a. Similique totam modi iusto sequi quidem temporibus autem reprehenderit debitis.,2023,TV-14,173,incidunt,aspernatur,fugit,ESH,53
5092514096742400,Vero cupiditate eum cupiditate numquam officia nulla.,Temporibus consequatur unde architecto ipsam nesciunt incidunt molestiae. Incidunt odit at esse a rem quasi optio deleniti exercitationem. Quisquam molestiae fugit doloribus magnam voluptas officia facere quibusdam maxime. Soluta dolorem temporibus dolorum qui rerum et quod ad. Perspiciatis saepe modi fugiat assumenda quae blanditiis doloremque unde esse. Vero natus unde necessitatibus inventore perferendis consequatur. Repudiandae accusamus ad numquam dolorem. Quae atque consequatur.,2023,TV-MA,132,dolor,aperiam,ratione,at,fugiat,NOR,31
7953848358404096,Dicta odit libero itaque expedita quibusdam quod aliquam quis natus.,Qui non accusantium vel officiis aliquam quidem maxime ipsum tempora. Aliquam laudantium nihil repudiandae vitae. Possimus ut adipisci optio cupiditate necessitatibus facilis. Perferendis voluptatum eos enim asperiores error tenetur cumque animi vero. Voluptatem vero quia vitae. Sed a nemo illo corporis. Laboriosam deserunt voluptas debitis illum molestias earum corporis. Minima odio voluptatem nihil beatae quae ipsam. Aperiam corrupti a. Dolores nobis eius consequatur eligendi animi corporis.,2022,M,-1,beatae,ad,quasi,non,ISL,91
2222498328346624,Laborum architecto ducimus praesentium quam.,Quia officia consequuntur aperiam saepe earum exercitationem iusto. Quidem sed eligendi sapiente quo error accusantium officia pariatur. Illo vitae repellendus nobis rerum molestias eos illo. Nostrum earum libero natus. Tempore rem cupiditate. Deserunt architecto corporis exercitationem iusto maiores facilis expedita adipisci.,2024,TV-G,"",dolores,nihil,quod,laborum,soluta,ESP,11
2200138309173248,Nostrum magni molestiae at officia doloremque deleniti esse quae.,Est non doloremque pariatur occaecati nulla aut. Fugit animi corrupti illum atque. Error architecto rem rerum sunt perspiciatis illo numquam iusto. Blanditiis quos error beatae harum. In consequuntur ipsum quod corporis. Consectetur repellendus itaque perspiciatis. Tempore quod cupiditate ut neque enim ipsum corporis. Temporibus ratione molestias. Praesentium similique ducimus doloribus consequatur ipsam ab tenetur.,2023,NC-17,"",soluta,tempora,quisquam,aut,TJK,31
267382230614016,Quaerat voluptatum voluptatum velit.,Eaque vel laborum. Voluptas delectus accusantium modi voluptatum repellendus itaque fugit. Error minima accusantium autem quod deleniti asperiores. Pariatur asperiores quo consectetur voluptates aliquam alias ipsa deleniti ratione. Vel quisquam soluta minima libero dignissimos.,2024,CA,0.406629252480343,minima,accusamus,corporis,odit,reprehenderit,similique,amet,facere,quisquam,aut,NGA,69
7647080455602176,Tenetur adipisci quam commodi tenetur ut.,Hic quidem ratione. Illum quis veniam incidunt placeat autem. Dolorum perspiciatis deleniti placeat. Nulla necessitatibus exercitationem ipsa eos vitae molestias doloribus neque. Aliquam repellendus unde possimus aspernatur repellendus dolore commodi esse. Unde eum perferendis ab voluptas eos laudantium similique numquam illo. Architecto corporis pariatur tenetur suscipit vel amet suscipit consectetur autem. Illum atque ab dolorem exercitationem quam odio veniam molestiae. Fuga ullam aperiam ipsa. Molestiae animi vitae nostrum quos.,2024,M,9007199254740991,occaecati,deleniti,TKM,79
7037334654550016,Eius sequi esse voluptatibus illo illo sequi.,Officia velit mollitia. Iusto tempore mollitia sunt sed. Voluptas error fugit sapiente recusandae quis reiciendis corrupti dignissimos ratione. Accusamus odit minima qui ab officiis architecto aperiam deserunt dolores. Quas perferendis nam cupiditate ullam quas.,2024,TV-Y7,9007199254740992,ipsam,sed,molestias,NLD,9
5274272698204160,Saepe voluptate asperiores totam exercitationem harum dolor eum dolor.,Voluptatem ipsa esse asperiores sapiente. Eius accusantium commodi dolore repellendus delectus inventore occaecati cupiditate blanditiis. Omnis corporis ab ducimus enim praesentium excepturi numquam ab. Sunt perspiciatis quae fuga tempora. Asperiores et vitae blanditiis reprehenderit ducimus explicabo iusto eos culpa.,2023,18,110,"",ABW,39
2696246441541632,Nam cupiditate.,Temporibus exercitationem debitis deleniti sed ex pariatur accusamus quam. Neque nobis esse maxime vitae non delectus eum quae. Consectetur facere illo consectetur dicta officiis fuga fuga. Earum quasi labore corrupti esse aperiam rerum itaque. Occaecati illum dicta. Dolorem fuga repellat praesentium distinctio error quisquam ipsum quas. Occaecati temporibus id tenetur. Est corporis ea enim assumenda facere explicabo ducimus. Numquam impedit vitae quae totam possimus quod voluptate sint modi.,2023,NC-17,85,"",POL,50
8027194733363200,Aspernatur eos enim itaque nisi ut molestias dolores.,Magni error nesciunt magni neque. Deleniti sint enim occaecati repellat nulla totam molestias provident. Dolor harum eos nostrum deleniti nisi ipsum. A error reprehenderit. Itaque impedit nulla maiores. Consequatur doloremque quos. Qui rerum id nesciunt maxime eum aspernatur. Quidem minus omnis. Nesciunt quam culpa tenetur dignissimos.,2023,S,133,,HUN,62
6928793507725312,Quo maxime illo esse.,Sint sit illo aperiam quod. Maxime sed dignissimos ullam ipsum tempore quasi fugiat magnam. Corporis maiores veniam architecto porro qui dicta expedita provident. Voluptas dolorum perferendis. Dignissimos ea dolores. Laboriosam quod tempore deserunt consectetur provident maxime eius. Aliquam corrupti illo architecto fugit.,2024,R16,98,,SMR,57
8072245716975616,Temporibus in consequatur fugit porro.,Mollitia nulla earum magni similique ab. Recusandae praesentium magnam minima eos temporibus debitis voluptate iure. Autem minus nulla beatae commodi architecto dignissimos optio. Accusamus aliquam dolores delectus nemo voluptatum optio. Molestiae magni praesentium optio perspiciatis. Magnam ipsam impedit ratione animi accusamus fugit quidem placeat quasi.,2023,9,180,architecto,consequatur,facere,rem,expedita,consequatur,cupiditate,natus,aut,sint,vero,eaque,facere,dolorum,at,necessitatibus,itaque,ullam,officiis,architecto,deleniti,sed,quasi,in,exercitationem,corporis,perspiciatis,eaque,deleniti,distinctio,beatae,saepe,sed,est,nam,est,saepe,necessitatibus,error,dicta,itaque,at,repudiandae,quidem,harum,modi,debitis,aliquam,magni,iste,cupiditate,modi,quam,ipsum,voluptatem,natus,blanditiis,quibusdam,dicta,quos,officiis,magnam,voluptatum,culpa,unde,vel,officia,ratione,dolor,aperiam,odit,delectus,dicta,voluptas,saepe,nulla,eos,dolorum,nisi,magni,earum,laudantium,atque,debitis,itaque,laudantium,voluptate,excepturi,commodi,aliquam,ratione,eveniet,at,accusamus,provident,atque,dolorum,corporis,debitis,blanditiis,YEM,63
480263467433984,Laborum magni dolores recusandae tenetur placeat occaecati.,Dicta laboriosam consectetur reiciendis sunt omnis deleniti nobis. Accusamus vero voluptatum placeat magni. Debitis quasi harum nemo tempore officiis ex necessitatibus. Tempora quia reprehenderit reprehenderit optio cum aspernatur ut consequuntur eligendi. Dolore officia quisquam dicta eius eos itaque magnam. Fuga saepe cumque distinctio magnam harum doloribus similique unde quis. Voluptas quisquam perspiciatis dignissimos sed provident.,2023,12,108,exercitationem,voluptatibus,tempora,voluptas,laudantium,beatae,totam,"",3
1248891806679040,Corporis.,Eos dicta quod. Consequuntur cupiditate a. Quisquam occaecati sequi nisi neque minus dicta quisquam minus reiciendis. Et qui velit suscipit inventore. Atque minus molestias. Tempore fugit suscipit assumenda laudantium tempore sed inventore illo. Sunt libero possimus assumenda culpa fugit corporis recusandae.,2023,MA15+,114,enim,quae,incidunt,excepturi,aliquid,qui,"",66
5761077180628992,Cupiditate quo pariatur ullam aspernatur ratione doloribus ab.,Provident nam accusamus. Iste maiores amet saepe delectus. Necessitatibus ad adipisci asperiores quae necessitatibus. Eaque repudiandae minus optio ratione fuga incidunt iure. Corporis pariatur nihil quo architecto provident dolorem fugiat a sequi.,2023,EC,198,enim,quae,occaecati,nobis,perferendis,"",46
3428079617703936,Error cumque quidem saepe.,Accusantium vel voluptatum quod ullam aut modi ipsam quaerat doloribus. Esse assumenda ullam ab ipsa. Culpa quo placeat esse. Sed molestiae dicta nostrum harum temporibus quisquam magnam quod. Rerum culpa magnam iure nam quas. Porro dolores placeat labore soluta maiores itaque quidem asperiores et. Necessitatibus praesentium laborum distinctio a libero voluptas maxime. Dignissimos blanditiis itaque quaerat.,2023,R18,39,dolores,in,dolorem,cumque,esse,maiores,placeat,est,cupiditate,veniam, deleniti,57
4557035314085888,Molestiae fugiat reiciendis eos doloremque perspiciatis.,Asperiores optio nisi vero corporis asperiores. Praesentium laudantium dicta repellendus soluta. Rem corporis incidunt aperiam maiores sit nulla. Ad maxime perferendis harum. Assumenda ducimus quidem totam. Quasi atque assumenda blanditiis beatae rerum quos temporibus dolor fuga. Unde quaerat suscipit dolor.,2022,A,69,accusantium,tempore,blanditiis,culpa,{,56
4509368334680064,Dignissimos nemo quia aut assumenda perferendis natus esse quia optio.,Ea quos corporis adipisci itaque laudantium a impedit. Possimus quisquam quia. Tempora veritatis recusandae. Debitis sed dolorum eligendi. Quis dolore culpa assumenda temporibus hic laboriosam rem.,2023,C,196,nostrum,distinctio,excepturi,nihil,error,beatae,doloribus,ipsa,iure,#veritatis,18
7557384115322880,Suscipit ipsam hic corporis ducimus provident perspiciatis est.,Non occaecati voluptate expedita eligendi eaque. Est accusantium omnis corporis sint debitis earum facere molestiae. Eligendi similique assumenda dolorum. Reiciendis incidunt et in praesentium nemo doloremque enim blanditiis ut. Dolorum suscipit dicta assumenda autem. Magni excepturi ea maxime aperiam atque fugiat tempora aut beatae. Itaque cupiditate hic esse ducimus iusto molestiae voluptatum. Perferendis unde ab molestias voluptas repellendus rerum saepe nostrum. Repudiandae alias et ea corrupti asperiores. Voluptates laboriosam mollitia voluptatum fuga voluptatibus cupiditate.,2023,9,111,labore,aliquid,perspiciatis,harum,est,quis,nostrum,sed,N,38
1778448542466048,In inventore.,Occaecati aspernatur nemo sit quod excepturi nesciunt commodi doloribus. Enim doloribus fugit ut neque soluta porro dolores fuga quasi. Odio at illo ad voluptates. At tenetur velit temporibus natus. Perferendis provident tempore et aut laudantium ipsam totam.,2024,12,43,ad,dolore,praesentium,porro,veniam,suscipit,7,14
4491109703090176,Alias odio enim consequuntur suscipit sed.,Impedit neque illum veritatis dicta. Dolor ipsum soluta at atque saepe odit explicabo. Illum minima odio ut. Odio eaque ipsum. Soluta ea praesentium occaecati et adipisci sunt omnis fugiat. Quis praesentium commodi aperiam excepturi sequi animi culpa sapiente quia.,2023,18,140,exercitationem,nisi,FRA,-1
2244576817446912,Quaerat in vel fuga nam quod sint quisquam expedita sed.,Ab nesciunt accusamus et ab excepturi doloribus perferendis in. Ea nemo ad. Aliquam totam corrupti magni necessitatibus eius pariatur dicta possimus debitis. Delectus culpa a. Modi voluptate molestias. Quas atque fuga architecto sed esse alias ullam iusto. Doloribus sequi consequuntur architecto voluptatibus maiores. Laboriosam ex adipisci voluptas. Assumenda pariatur in eaque repellat eius. Assumenda vero deleniti eaque tempora.,2023,TV-Y,62,porro,consectetur,libero,dolorum,provident,DEU,""
2580693970321408,Quos nemo voluptatibus.,Mollitia inventore quisquam numquam ratione. Sit dolorum nemo culpa esse voluptatibus ad. Alias sed quibusdam maxime est. Aspernatur optio reiciendis eaque praesentium ipsum. Corrupti dicta ut facere. Et minus accusantium.,2024,R21,110,autem,odit,nesciunt,TKM,""
5613111144873984,Aliquid facilis quas quibusdam sit corrupti quae.,Saepe porro necessitatibus aperiam repellendus voluptatibus recusandae impedit id porro. Perferendis eius doloribus voluptatibus autem nulla quae a amet. Quisquam inventore voluptatem placeat libero blanditiis esse sequi quia atque. Atque cum eaque doloremque corporis quas nisi. Labore quasi saepe tempora fuga.,2023,E10+,42,perspiciatis,numquam,BHR,0.6893251694273204
5003023080226816,Debitis architecto error quisquam soluta nobis minus corrupti cumque.,Repellendus minima ex praesentium. Ad corporis alias tenetur consectetur. Voluptas id iste perspiciatis. Laboriosam iste cumque. Sit explicabo odit. Magni amet quia non animi. Molestias quod optio veritatis. Quas natus voluptatibus ex non. Ipsam eum asperiores at corrupti voluptate magnam esse. Voluptate vero itaque.,2024,R18,181,quae,esse,ullam,voluptatibus,quis,NGA,9007199254740991
4385270193455104,Numquam quos explicabo ratione officia deserunt reiciendis.,Ut saepe similique modi neque debitis quam. Eveniet nulla dolores. Rerum quasi exercitationem corporis fugit libero. Repellat consequuntur aspernatur. Itaque ducimus adipisci error commodi nihil. Quibusdam a enim asperiores expedita earum totam ullam modi. Iure repudiandae quidem porro quidem amet suscipit. Ducimus molestiae quis similique id sed. Enim quam ratione illo ea exercitationem laborum quaerat. Nulla quasi quidem.,2022,MA15+,79,iste,sequi,a,aspernatur,esse,rem,recusandae,natus,deleniti,COL,9007199254740992
7561536788758528,Velit id nisi consequatur inventore autem dolorem dolorum.,Est sunt tempora odit sit quaerat nostrum explicabo. Molestiae repellat beatae adipisci tempore in. Voluptas voluptatum beatae dicta odio aliquam repellat exercitationem aspernatur tempora. Non aperiam dignissimos alias temporibus vel. Molestiae porro qui. Sint porro perspiciatis praesentium veniam unde blanditiis alias temporibus quis. Iste magni rem quo atque rerum expedita. Impedit officia voluptates. Maiores rem nemo animi perferendis repudiandae dolor eligendi. Officiis aliquid a autem aliquid qui natus.,2023,12,140,voluptatum,LBR,61
2966831962783744,Velit modi placeat accusantium quae mollitia sequi.,Aliquid alias eaque ex sit nesciunt. Ullam accusamus eveniet optio natus veniam. Aliquid molestias minima placeat impedit tempora impedit. Natus veniam tempore quod veritatis repellat. Numquam adipisci beatae corrupti vero deserunt nesciunt. Fuga dolorem laboriosam repellendus.,2023,CA,93,impedit,natus,voluptatem,doloremque,deleniti,et,MAR,91
7512485575786496,Illum iste.,Architecto aspernatur sint placeat. Incidunt eaque voluptatem distinctio. Inventore nobis qui provident asperiores assumenda nostrum corporis. Molestias similique porro. Omnis cumque quam minus minima laboriosam. Eveniet beatae deserunt molestiae architecto nesciunt. Rerum sit non odit velit minus dicta quas molestiae. Illum sed veritatis a eius magnam vero.,2024,R21,158,accusamus,sapiente,odio,CCK,56
42003431686144,Pariatur dolores quidem iure iusto voluptates est fuga officiis.,Libero laboriosam nemo cumque expedita omnis. Amet modi necessitatibus consequuntur possimus nam. Mollitia assumenda minima reprehenderit cupiditate reprehenderit eligendi eveniet ex rerum. Accusantium soluta impedit quibusdam id nisi blanditiis asperiores. Minus nostrum cum quidem fuga ut autem ea itaque a. Quasi voluptate ipsa quae mollitia beatae necessitatibus. Soluta explicabo alias magnam consequuntur modi reprehenderit veniam velit. Quia dolores ea quo repudiandae sequi est occaecati totam delectus. Voluptatibus distinctio iure et.,2022,AL,160,itaque,necessitatibus,consequuntur,fugiat,necessitatibus,deserunt,fugiat,earum,HMD,81
1917469698555904,Voluptas ex est repellendus.,Corporis hic veritatis totam fugiat illo sed. Quibusdam commodi ad deleniti voluptates corporis. Quia omnis ullam iure nobis vitae molestias neque pariatur. Alias vel porro illo nobis magni fugit veritatis quisquam deserunt. Aut consequuntur rem omnis nisi aperiam in. Quasi exercitationem rem perferendis quae quo repellendus nam aperiam aliquid. Hic itaque totam. Possimus voluptatibus distinctio commodi in quas ad esse iure.,2024,9,86,animi,nesciunt,dignissimos,rem,consequuntur,esse,deserunt,MNP,83
2092328101609472,Cum aut autem ea debitis unde a odio.,Totam impedit dolorem est perferendis corporis minima. Voluptate ducimus molestias quas asperiores provident ad odit accusantium. Necessitatibus inventore tempore et soluta nisi. Ea eveniet sit. Ut vitae iste et ipsa repellendus. Architecto illo necessitatibus soluta mollitia consequuntur enim nulla facilis quibusdam. Minima hic eaque voluptatum occaecati. Culpa doloremque impedit voluptatem vel ex explicabo magni.,2024,TV-PG,54,veniam,dicta,illum,exercitationem,officia,aspernatur,necessitatibus,ALA,73
4590241537064960,Laborum atque fuga nulla blanditiis omnis quaerat eveniet.,Reprehenderit soluta quam numquam unde aut. Totam minus voluptates similique. Dolorem illum atque. Sapiente dignissimos repellendus reiciendis adipisci. Eos placeat assumenda molestias alias tempora. Cum maiores tempora facere adipisci. Consequatur beatae fugit.,2022,12A,109,similique,dolore,consequatur,quos,beatae,magnam,nobis,tenetur,totam,eos,AFG,22
4299466125344768,Sapiente porro architecto illo rerum ab pariatur nam quo.,Nostrum molestiae corporis molestias ex. Quae repellat doloribus commodi illo est repudiandae aliquam unde. Officiis eaque minima. Non atque quia ut quasi iste saepe cumque. Eius doloremque in ratione pariatur laudantium incidunt quia earum quibusdam. Occaecati minus laborum. Omnis explicabo numquam.,2023,E,89,quos,quam,minima,culpa,quia,accusamus,tenetur,fugiat,FRA,78
6359099495153664,Occaecati enim molestiae corporis veritatis quasi corrupti.,Corporis fugit sed ratione necessitatibus nam. Quasi cupiditate saepe ea porro officia esse at ut. Itaque explicabo harum recusandae nihil praesentium iusto minus consequatur. Vitae cupiditate sed quidem assumenda veniam. Accusamus nam et necessitatibus. Provident numquam nisi esse repellendus pariatur. Voluptas doloremque error. Quibusdam perferendis officia. Pariatur officia explicabo debitis odit quisquam necessitatibus.,2024,R,157,vero,sed,praesentium,assumenda,NFK,98
5139228721676288,Vero fugit.,Cum repellendus quasi iusto ipsa hic commodi in. Earum eos repellat adipisci eaque illo. At quo totam sit consectetur commodi ea. Expedita repellat numquam rem quam exercitationem. Distinctio esse illum commodi provident maiores. Culpa totam similique tenetur. Eaque blanditiis quibusdam ut perspiciatis. Fuga exercitationem illo distinctio eius accusantium. Porro pariatur porro aliquid sequi explicabo impedit modi.,2022,A,182,cum,quos,magnam,possimus,consectetur,RWA,11
798320001810432,Quia.,Aspernatur corporis dolorum eaque hic reprehenderit sapiente ab. Sunt rerum assumenda quos voluptate eveniet sed quae vero dicta. Consequatur facere nobis tempora occaecati optio. Earum voluptatem doloremque impedit minima delectus. Animi corporis soluta similique tempore. Nisi veniam quisquam similique alias omnis magnam cumque. Eum illo nam odio magni ab delectus error autem. Itaque reprehenderit totam. Quam veritatis nulla incidunt consequuntur in.,2024,PG-13,44,earum,placeat,consectetur,deserunt,quam,vero,laborum,assumenda,SWZ,39
4396853885927424,Repudiandae amet pariatur quibusdam mollitia asperiores corporis aliquid.,Natus ratione dolore error. Ab consequatur quisquam eligendi incidunt eveniet. Incidunt enim cum magni ex ex. Quaerat totam doloribus repellat rerum et. Labore quam repellat rerum distinctio similique repudiandae cum animi repellat. Accusamus dolore consequuntur accusantium veritatis qui reiciendis. Ipsum vitae ex sequi rerum deserunt rerum reprehenderit fuga. Porro ipsa unde alias neque molestiae omnis. Fugit accusantium expedita reprehenderit tempore dolorum nam rerum tenetur atque. Numquam iure suscipit ad odio animi.,2024,G,177,beatae,repellat,similique,illum,nam,iure,quaerat,ipsa,MLT,38
1924375676715008,Eveniet aliquam.,Ratione dolorem sed tempore consectetur commodi non consequuntur dolore. Dignissimos hic dignissimos officia illo aut quam. Inventore placeat suscipit facere recusandae sint odit explicabo modi. Temporibus cumque doloremque in sunt nobis eum id. Repellat aliquam facilis provident dolorum. Atque iusto modi excepturi eligendi praesentium veniam dolor accusantium dolores. Impedit ab voluptatibus perferendis repudiandae tempore. Tenetur repellat voluptates tempora accusantium esse dignissimos. Itaque voluptates libero ducimus fugiat. Qui enim eligendi impedit.,2023,12A,200,quasi,quas,blanditiis,velit,SXM,12
6608015843131392,Voluptates fugit illum id aut nulla.,Quas porro vitae cum vel architecto laudantium fugiat commodi quam. Nesciunt quis error. Ratione quasi saepe aperiam labore ea blanditiis ullam voluptatibus aut. Vero ratione aut occaecati facilis quasi consequatur. Consequatur quam nam molestiae incidunt. Quibusdam soluta doloremque quisquam architecto. Nisi inventore facilis. Quaerat suscipit vero reiciendis.,2023,TV-PG,130,vel,in,nisi,dignissimos,animi,autem,dignissimos,atque,quidem,occaecati,MDA,82
8654435720888320,Ipsam optio voluptas repellendus.,Maiores aspernatur quos aliquam excepturi at delectus deleniti. Soluta iusto corrupti ab eum hic officia impedit. Tenetur error laudantium quaerat odit quas. Molestias nesciunt consectetur aliquam dolorum nisi alias sequi laudantium. Ullam id quisquam rerum placeat molestiae incidunt asperiores quaerat corrupti.,2023,TV-Y,66,laboriosam,porro,pariatur,excepturi,aliquam,ut,adipisci,CAN,73
7697393229234176,Perferendis necessitatibus tempore.,Minus eos magni ut ducimus voluptatibus blanditiis perferendis. Quae eos quisquam. Impedit esse dignissimos exercitationem. Modi numquam nam asperiores quos. Dolor aperiam magnam voluptates vitae voluptate voluptatem cum. Accusamus repellat ad id. Dolorum architecto omnis consectetur corrupti consequuntur voluptates voluptates hic quos. Voluptatem pariatur quibusdam. Sit unde architecto cupiditate. Repellendus impedit velit minus libero nihil nesciunt.,2023,15,58,at,quisquam,KGZ,11
1356298102767616,At maxime ratione ducimus reiciendis eligendi aut expedita libero molestiae.,Similique voluptatibus consequuntur occaecati. Aspernatur animi vel. Dolor provident occaecati repudiandae. Voluptatibus fugit accusamus. Sequi ad laborum modi iste. Id placeat id accusamus vitae impedit numquam porro. Labore reiciendis veniam culpa. Quam tempora rerum vero.,2023,AL,94,cum,mollitia,qui,odit,enim,ipsa,eius,impedit,MLT,52
7077422488879104,Accusamus natus.,Ut voluptatibus quos labore rerum ipsam. Voluptatum ipsa repellat quas ducimus omnis dicta harum ut. Voluptatem repellendus esse velit explicabo. Maiores ex laborum molestiae nobis ullam illo repudiandae. Occaecati ipsum iure minus. Non cupiditate harum iure quas vitae. Velit aliquam nesciunt odio aspernatur tempore.,2023,PG-13,99,sed,non,accusamus,ad,officiis,corporis,dolor,GAB,80
2791648295649280,Ad veniam aliquid eligendi dolore laborum.,Necessitatibus facere esse suscipit aliquam ex distinctio. Modi doloribus inventore. Incidunt cupiditate accusantium modi id quis placeat. Architecto id consequuntur tempora autem laboriosam a recusandae. Fugiat ipsum vitae accusamus earum ratione. Perspiciatis ex vero facilis fuga tenetur porro. Maiores aperiam quae aut amet totam in quibusdam. Voluptatibus unde adipisci culpa sequi perferendis dolorum quam perspiciatis ipsam. Laudantium nihil dolorem necessitatibus explicabo officia.,2024,15,89,consequuntur,occaecati,magnam,voluptates,ut,pariatur,asperiores,CHN,23
959558950322176,Minima cupiditate facilis iure aliquam tenetur perferendis qui placeat iste.,Cupiditate repellat perferendis necessitatibus sunt accusantium tempore suscipit quos. Magni sint incidunt praesentium ab magnam voluptatem deleniti unde velit. Accusamus inventore eaque impedit. Veniam modi maiores dolorem enim. Voluptatibus aspernatur adipisci expedita distinctio soluta quisquam commodi rem. Reiciendis suscipit voluptas possimus mollitia quaerat quia voluptate aut consequatur. Voluptas molestias aspernatur ratione corporis consectetur excepturi.,2024,TV-Y,40,quam,corporis,id,mollitia,blanditiis,ATG,40
3922214258737152,Ad ad libero neque unde inventore odio repudiandae excepturi perspiciatis.,Autem deserunt magni eligendi fuga necessitatibus voluptas aspernatur dignissimos ipsam. Ipsa autem minima quas. Optio numquam aspernatur sint cumque. Soluta saepe in voluptate accusamus aut nemo ea necessitatibus eligendi. Placeat dignissimos repellendus incidunt quibusdam. Ab molestias debitis. Eos quas quidem reprehenderit debitis atque quis doloribus quisquam totam. Iusto ipsam sit. Occaecati rem sapiente ea corporis ratione placeat.,2023,TV-G,123,veniam,tenetur,dolor,fugiat,animi,iusto,ea,corrupti,architecto,ea,CUW,23
6070163017302016,Numquam natus cum rerum.,Ullam dolor ducimus voluptates quae possimus facere similique. Nam omnis perspiciatis inventore. Nam quisquam porro asperiores. Iusto quibusdam expedita et voluptatem. A distinctio ullam. Omnis harum expedita alias. Nobis distinctio in maxime ipsa similique ratione consequatur. Rerum occaecati exercitationem. Ea at excepturi dolores eaque saepe eaque. Aspernatur deserunt id unde repellendus placeat minima voluptates.,2023,G,59,voluptates,commodi,quis,nesciunt,distinctio,quam,consectetur,TKL,97
8662922534322176,Praesentium alias explicabo perferendis fugiat dolores ratione beatae error.,Eos architecto sit debitis nihil deleniti exercitationem. Animi fuga vitae magni inventore aliquid totam. Distinctio debitis minus est quisquam accusantium. Quisquam distinctio suscipit ut fugit numquam expedita facilis assumenda. Beatae quia eius optio ipsam sit quia. Aliquid aliquam aperiam laboriosam commodi architecto iusto ex. Ipsa incidunt dicta dolorem delectus. Recusandae expedita ad odit temporibus quos sapiente. Suscipit rem aperiam nostrum consequuntur. Dicta voluptatem minus.,2023,TV-PG,118,ut,atque,VNM,42
5750274895380480,A temporibus nemo ea neque tempora expedita tempore aliquam.,Dignissimos ab dolore suscipit. Occaecati ad deleniti eveniet asperiores. Magnam eius saepe dolores occaecati perspiciatis. Porro voluptatum voluptatum repudiandae labore. Repellendus soluta harum ipsum repellendus laborum necessitatibus nobis provident perferendis. At reprehenderit doloremque asperiores inventore id aut voluptatibus.,2023,E10+,115,molestiae,aut,temporibus,est,eaque,tempora,quos,eligendi,vero,PLW,76
8234734781988864,Eum ducimus minima.,Eius ipsum nisi sed minima non placeat odio autem. Praesentium aspernatur provident porro deleniti accusantium aperiam laboriosam nostrum harum. Exercitationem commodi accusantium dolores veritatis tempora explicabo. Beatae qui quia. Consequatur quis dolorem suscipit ab enim similique. Amet eaque architecto hic exercitationem consequatur asperiores quo. Eligendi quasi voluptate ipsa explicabo laudantium labore aliquid inventore asperiores.,2024,S,108,aliquid,repudiandae,tempore,PRI,80
3618829542359040,Culpa reprehenderit libero laborum minus dolores qui.,Tempore perspiciatis tenetur. Fuga quod ratione sed nemo nihil quasi. Quo provident officia. Facere saepe quae quas labore iusto numquam architecto rem. Accusamus ratione perspiciatis iste amet. Illum quibusdam amet cum non aperiam quis dolores. Aliquam iste quaerat quidem. Minima totam ducimus assumenda fuga ut ab numquam. Dolore voluptatum minima nostrum. Corporis iste debitis sapiente eos quis perferendis porro unde.,2022,TV-14,86,ex,illo,voluptatibus,VGB,22
4142972438315008,Impedit aspernatur nesciunt quod excepturi sapiente laboriosam.,Autem distinctio autem facilis nam eum debitis. Nisi fugit repellat quas alias error. Delectus officiis consequuntur exercitationem. Illum incidunt eos maxime error minus. Accusantium nemo dolor numquam debitis recusandae molestiae beatae neque. Modi laboriosam facilis aliquid atque aspernatur. Perspiciatis voluptate nemo iure odio delectus dolorem libero adipisci neque. Impedit similique esse officia sed aut iure nobis at. Ad enim blanditiis ipsa. Quibusdam quasi impedit nam repudiandae pariatur excepturi impedit voluptates.,2023,E10+,148,ipsum,minima,quas,facilis,repellendus,commodi,voluptate,a,nulla,accusamus,EGY,56
3477317433163776,Dicta maxime eius dicta deserunt laudantium velit quod sunt.,Nobis quam repellendus est tempora sit et tenetur maiores quasi. Sunt tempora cum mollitia molestias deleniti mollitia libero at. Recusandae omnis nam. Hic dolorem reiciendis iste impedit. Laudantium nemo facere modi doloremque asperiores placeat illo.,2023,MA15+,54,odit,nemo,velit,nam,ut,debitis,ad,officia,eos,VAT,12
834347227676672,Ullam.,Explicabo dignissimos odit. Corporis velit recusandae impedit laboriosam dignissimos. Excepturi tempore earum debitis numquam odit architecto dolorem. Consequuntur accusantium nam optio omnis tempora numquam. Repellendus blanditiis officia repellat quisquam consequuntur. Molestiae dolore minus dolor ea.,2024,U,141,porro,inventore,omnis,quae,ATA,31
5647464885387264,Aspernatur accusantium officiis error iure corporis suscipit numquam debitis quisquam.,Ea nisi quo dicta soluta incidunt tenetur. Iste quaerat illum voluptas cupiditate facere voluptate earum repudiandae. Culpa velit aliquam hic ratione earum consectetur est ullam. Dolorem magni consectetur voluptates qui aliquam laboriosam facilis magni. Sed veniam modi tenetur porro rem quisquam officiis quas architecto. Fugiat laudantium aliquam quisquam illo illum quidem qui est odio. Doloribus dicta enim et vero temporibus eius. Quasi magni reiciendis.,2023,12,168,eius,accusamus,numquam,mollitia,aliquam,fugit,SGS,50
3339895363862528,Et aspernatur vitae inventore fugiat optio.,Dignissimos commodi explicabo odit earum unde perspiciatis. Qui accusantium voluptas suscipit. Amet consectetur quo necessitatibus architecto modi rem corrupti. Officiis fugiat ullam aliquam. Delectus veritatis accusamus quos. Esse voluptas rerum dicta laborum velit dicta tempora. Impedit adipisci quo deserunt nesciunt repellendus consequatur unde adipisci sit. Placeat voluptatibus architecto possimus nihil. Illo temporibus est asperiores accusamus iste omnis repellat.,2023,GP,71,eveniet,deleniti,nesciunt,magnam,harum,culpa,id,qui,distinctio,CRI,56
6321909608218624,Repudiandae magni commodi molestiae quia.,Quos unde inventore praesentium dolorem sunt reprehenderit tempore exercitationem fugit. Ipsum tenetur laboriosam possimus impedit id non. Minus quisquam autem consequuntur molestiae similique iste. Incidunt tempore excepturi modi perferendis provident praesentium voluptatem commodi. In unde necessitatibus esse ipsa repellendus neque neque eos aspernatur.,2023,NC-17,175,rem,unde,doloribus,minima,officia,WSM,13
6322345677422592,Dolorum repudiandae cum facilis repudiandae sequi ad illo sapiente.,Earum veniam cumque voluptas alias quasi quibusdam enim doloremque. Tempora officiis omnis aperiam minus eius voluptate nostrum totam. Nobis officia sapiente et odio aperiam. Delectus quod animi repellat iure. Sunt blanditiis expedita soluta error at error earum. Aut distinctio facere quas ratione dolorem accusamus soluta. Numquam mollitia explicabo ab dignissimos. Exercitationem ad repellat sit blanditiis quasi. Magnam maxime nemo nihil libero fuga perferendis sunt nesciunt assumenda.,2023,R18+,121,a,aliquam,quibusdam,impedit,error,deserunt,perspiciatis,iste,FIN,72
1556725287092224,Minima quasi.,Molestiae mollitia quidem quibusdam placeat ea saepe voluptates. Magni quo omnis minima doloribus nesciunt. Alias amet eligendi ipsum corporis quis nostrum numquam minus. In nulla hic veritatis ducimus beatae. Magni quo deleniti minus iure architecto architecto saepe.,2023,PG,127,commodi,itaque,dolor,sapiente,natus,accusantium,laborum,ex,similique,ullam,LBY,24
5027368632582144,Tempore.,Eligendi eius iste cum voluptatum. Unde illum voluptatem. Voluptatum omnis vel officiis illo atque modi tempore tempore pariatur. Quasi dolorem quibusdam modi facilis suscipit. Explicabo aliquam placeat sunt voluptas ipsam molestias porro rerum eum. Repudiandae consectetur vel quod ratione voluptatem voluptatum.,2022,18,87,eos,culpa,voluptatem,enim,dicta,fugit,deleniti,fugiat,deserunt,nesciunt,CAN,36
5935663604039680,Laboriosam repudiandae.,Nostrum soluta quis. Delectus molestias itaque dolores eveniet harum rerum reiciendis dolor. Sequi sapiente voluptates at aut sapiente nostrum nobis. Accusamus minima sit praesentium vitae earum enim reiciendis. Error veniam odit at ipsa enim accusantium. Ex suscipit fuga quae. Officia quos dignissimos sit nisi voluptas. Eius tempore dicta. Optio doloribus vero minima velit neque velit id.,2023,9,49,illum,ZAF,31
7593851294318592,Quam tempore.,Molestias sed reiciendis minima sit voluptas. Odit exercitationem quis. Ea labore fugit quae occaecati reiciendis magni. Facere officia at corrupti quis rerum unde. Alias tempore placeat dolores dolorum libero iste dignissimos soluta. Libero magnam ut vero autem qui mollitia. Adipisci ab aspernatur veniam harum cum esse. A assumenda beatae inventore.,2023,TV-G,191,aspernatur,earum,perferendis,inventore,velit,quisquam,FRA,2
4892681257877504,Consectetur ipsum libero culpa eos quos deleniti quas culpa.,Eum hic in. Consequuntur voluptas minus repellendus earum eligendi itaque rerum quaerat. Ipsa reprehenderit eligendi reprehenderit veniam. Eum ipsum omnis maxime ad ratione laboriosam impedit perferendis. Dolor laborum odio perferendis eius architecto sunt porro eveniet est. Sint explicabo dolore sint dolores necessitatibus. Sit porro cum pariatur. Nemo sint reiciendis. Nulla sapiente adipisci velit blanditiis possimus dolor corrupti modi. Deleniti atque doloremque.,2023,6,173,aspernatur,magnam,dignissimos,dolorem,facilis,modi,ad,nostrum,nihil,UZB,90
1141818429276160,Dolorum autem eius aliquid praesentium.,Praesentium tempore culpa unde non officia consequatur nam. Optio vero inventore eum tempore eveniet similique velit. Aperiam aperiam ex totam commodi inventore magni alias delectus. Modi quidem error officia suscipit repudiandae officiis vitae. Nobis dolorem aspernatur illum fuga. A aliquid saepe perferendis. Blanditiis nisi odio perspiciatis tenetur nemo laborum. Molestiae dolor delectus nihil non dolor.,2023,E,80,eos,vel,ad,facilis,sequi,HKG,63
7386623394185216,Vel aliquam beatae quo sequi expedita nulla.,Maxime aliquam quia optio voluptas culpa. Nostrum quasi culpa mollitia tempora velit nemo distinctio quia. Voluptatum fuga dolores expedita nostrum temporibus vitae sit illum. Ullam ad ex. Consequuntur qui nemo quas eos impedit. Iusto amet deleniti rem placeat. Itaque rem doloribus modi. At ducimus voluptas repellendus delectus nostrum. Eum dignissimos voluptate. Magnam unde nemo quia harum est.,2023,15,39,atque,blanditiis,at,GGY,59
8070629695684608,Officiis.,Recusandae doloribus iusto voluptas fuga reiciendis. Perspiciatis ipsam beatae dolorum libero dolorum eligendi illum aperiam. Soluta accusamus reprehenderit laboriosam dignissimos consequuntur repellat nihil saepe. Minima asperiores dolorem temporibus molestiae maxime cupiditate placeat. Libero excepturi in. Eius numquam accusantium unde voluptas autem. Accusamus iste doloribus incidunt.,2024,CA,169,eum,illo,quo,suscipit,enim,voluptatum,doloribus,eligendi,necessitatibus,IRQ,1
1017950953799680,Expedita architecto.,Nam eos eum accusantium doloribus recusandae quidem perferendis. Possimus sint rerum nulla excepturi nesciunt. Quidem magnam odit ut pariatur aliquam quibusdam. Eos suscipit similique debitis a optio. Sit debitis aliquid labore laboriosam nemo officia fugiat aperiam.,2023,TV-MA,83,quaerat,velit,aut,quo,voluptate,STP,47
6140183705550848,Harum laboriosam odio incidunt.,Beatae ex quam dolor reiciendis in ipsum sed. Maiores atque id corrupti nam quidem vel officiis eaque ut. Praesentium accusamus aliquam et eos. Consequuntur deleniti laborum iusto eos iure facere architecto numquam. Repellat vitae illum. Accusantium doloribus incidunt culpa corporis dolore. Facere unde nisi quae fuga rem voluptatem voluptates dolor. Fugit officia possimus quis.,2024,9,195,vitae,IOT,86
3231232708050944,Necessitatibus voluptatum dolorum reprehenderit.,Eum enim blanditiis corporis laborum possimus alias itaque. Molestias omnis impedit est pariatur nobis. Iste ipsa inventore repellendus nostrum ad ratione ducimus. Doloribus mollitia dolorum incidunt tempore consequuntur delectus eum odio et. Optio suscipit aliquid ab fugiat autem hic illo dolor. Magni eligendi a excepturi facere mollitia. Libero facere eveniet facere consequuntur debitis nisi ut velit. Deserunt mollitia quas culpa placeat porro laboriosam molestias. Deserunt accusamus a provident veritatis esse aliquid doloremque itaque eligendi. Error eveniet corporis fugiat.,2024,T,200,ab,architecto,expedita,suscipit,id,ratione,ipsum,SAU,62
4401106708856832,Quisquam maxime nobis enim eum.,At fuga iusto quidem blanditiis sint dolores unde. Beatae adipisci maxime dolore porro quae. Tempore tempore ipsum. Eligendi consequuntur aut mollitia quia sunt adipisci perferendis necessitatibus. Dolorum distinctio sed. Corrupti in hic id accusantium ipsam inventore asperiores autem facilis. Fugit natus alias asperiores quasi ab accusamus velit error. Tempora voluptate dicta quo omnis doloribus.,2024,TV-PG,114,dignissimos,dolorem,voluptatem,HRV,93
8402355456311296,Voluptas soluta fugit voluptatum.,Consequatur eius quidem recusandae earum id dicta. Aperiam temporibus voluptatibus mollitia voluptas quasi itaque dolorem unde sapiente. Sunt eius voluptates ipsa. Doloremque deserunt reprehenderit labore. Excepturi dolor id repellat. Ratione ducimus dolor totam ullam quos repellendus molestias optio. Magnam nulla qui ipsa molestiae quasi recusandae eligendi incidunt. Eos architecto possimus quod iste. Excepturi accusamus aliquid aliquam nemo ducimus. Eveniet officia deserunt voluptatem quas quasi dolorum eos accusamus nemo.,2024,A,59,distinctio,doloribus,unde,rem,UZB,20
948050954551296,Quas quibusdam assumenda praesentium maxime iure ducimus.,Quaerat exercitationem eveniet quaerat. Iste corporis aliquid. Nesciunt nisi aut vero necessitatibus. Veritatis dolorum vel libero fuga dicta. Enim quibusdam consequatur placeat minus ad cum maxime quaerat dolores. Perferendis illo beatae minima harum voluptates ullam nesciunt eum et. Itaque dolore repellat voluptas nisi.,2023,M,138,praesentium,ZWE,25
2721878691020800,Asperiores temporibus velit totam numquam quasi similique sequi.,Excepturi quo quae. Recusandae tempora vero voluptate cupiditate. Quisquam blanditiis eaque voluptates doloribus nobis tempora eaque odit maiores. Quibusdam quisquam explicabo placeat excepturi. Doloribus odio eos aspernatur reprehenderit quae molestiae eligendi reiciendis voluptate. Voluptas cum veniam vel facere cumque inventore labore rerum. Unde recusandae vel placeat architecto. Quidem magni ad libero ea fugiat ea eius nesciunt itaque.,2022,12,99,beatae,asperiores,necessitatibus,delectus,similique,modi,IRL,69
1804364087820288,Esse adipisci aliquam nostrum quisquam ipsa.,Veritatis iste deleniti temporibus similique aut ipsam ipsum ab. Qui esse nemo officia eveniet minus corporis harum. Voluptatibus voluptatum repellat tempora enim illo voluptatum itaque. Voluptate et atque delectus nostrum facere dolorem. Id aliquam molestiae dolore maxime. Culpa ipsam pariatur rem voluptatibus numquam ad reiciendis voluptate. Veritatis dolores cupiditate totam officia.,2022,EC,124,a,SLV,5
6242239426592768,Voluptatem atque sequi nobis nemo corporis modi.,Et facere quas necessitatibus soluta vel autem aspernatur voluptatem. Ex esse pariatur ipsam quae nemo rerum impedit. Cum iusto possimus enim debitis. Adipisci voluptas facere placeat quidem beatae modi. Dicta recusandae tempore impedit nemo. Molestias tenetur deserunt odit doloremque libero suscipit dolore.,2023,PG,35,earum,ipsa,aliquid,totam,consectetur,dolorum,BGD,76
